INSERT INTO Car(CarID,ID,PhoneNumber,CustomerName)
VALUES('CTZ-9934','F131472968','0936123456','Vincent'),
('JTX-1396','F245821795','0936234567','Anker'), 
('DRG-7646','A112548755','0922541235','Fly'),
('YPH-8002','A154237542','0939225042','Jason'),
('NTR-0965','A232503152','0960971007','Denny'),
('HTJ-2052','F111127898','0926451230','Kelly'),
('OCT-1106','A254135866','0926061253','Lisa'),
('IUQ-1322','F255661234','0955203282','Jennie'),
('FPR-5241','F132205429','0989842562','Jisoo'),
('RTX-3060','F445230698','0970546325','Rose');


INSERT INTO PaymentRecord(CarID,Balance,Arrears,PayDate,PayTime)
VALUES('CTZ-9934',100,0,'2022-07-11','12:29'),
('JTX-1396',200,0,'2022-07-14','07:00'),
('DRG-7646',150,0,'2022-07-16','13:25'),
('YPH-8002',0,20,'2022-07-22','14:30'),
('NTR-0965',300,0,'2022-07-30','20:20'),
('HTJ-2052',50,0,'2022-07-02','21:00'),
('OCT-1106',110,0,'2022-08-10','15:00'),
('IUQ-1322',0,40,'2022-06-14','15:15'),
('FPR-5241',250,0,'2022-12-25','16:20'),
('RTX-3060',200,0,'2022-06-13','17:30');


INSERT INTO Check_Point(ICFirstEnd)
VALUES('基隆端－基隆'),('基隆－八堵'),('八堵－大華系統'),('大華系統－五堵'),('五堵－汐止'),('汐止－汐止系統'),('汐止系統－東湖'),
('東湖－內湖'),('內湖－圓山'),('圓山－台北'),('台北－三重'),('三重－五股'),('五股－高公局'),('高公局－林口（北）'),('林口（北）－林口（南）'),
('林口（南）－桃園（北）'),('桃園（北）－桃園（南）'),('桃園（南）－機場系統'),('機場系統－中壢服務區'),('中壢服務區－內壢'),('內壢－中壢'),
('中壢－平鎮系統'),('平鎮系統－幼獅'),('幼獅－楊梅'),('楊梅－校前路'),('校前路－湖口'),('湖口－竹北'),('竹北－新竹（北）'),('新竹（北）－新竹（南）'),
('新竹（南）－新竹系統'),('新竹系統－頭份'),('頭份－頭屋'),('頭屋－苗栗'),('苗栗－銅鑼'),('銅鑼－三義'),('三義－后里'),
('后里－台中系統'),('台中系統－豐原'),('豐原－大雅'),('大雅－台中'),('台中－南屯'),('南屯－王田'),('王田－彰化系統'),
('彰化系統－彰化'),('彰化－埔鹽系統'),('埔鹽系統－員林'),('員林－北斗'),('北斗－西螺'),('西螺－虎尾'),('虎尾－斗南'),
('斗南－雲林系統'),('雲林系統－大林'),('大林－民雄'),('民雄－嘉義'),('嘉義－水上'),('水上－嘉義系統'),('嘉義系統－新營服務區'),
('新營服務區－新營'),('新營－下營系統'),('下營系統－麻豆'),('麻豆－安定'),('安定－台南系統'),('台南系統－永康'),('永康－大灣'),
('大灣－仁德'),('仁德－仁德系統'),('仁德系統－路竹'),('路竹－高科'),('高科－岡山'),('岡山－楠梓（北）'),('楠梓（北）－楠梓（南）'),
('楠梓（南）－鼎金系統'),('鼎金系統－高雄（北）'),('高雄（北）－高雄（南）'),('高雄（南）－瑞隆路'),('瑞隆路－五甲系統'),
('五甲系統－五甲'),('五甲－高雄端（中山四路）'),('高雄端（中山四路）－高雄端（新生路）');


INSERT INTO Mileagefee(ICFirstEnd,ICPrice)
VALUES('基隆端－基隆',1.3),('基隆－八堵',1.4),('八堵－大華系統',3.3),('大華系統－五堵',2.1),('五堵－汐止',4.4),('汐止－汐止系統',0.0),('汐止系統－東湖',4.4),
('東湖－內湖',2.5),('內湖－圓山',7.0),('圓山－台北',2.5),('台北－三重',2.4),('三重－五股',7.0),('五股－高公局',1.6),('高公局－林口（北）',7.8),('林口（北）－林口（南）',1.6),
('林口（南）－桃園（北）',8.1),('桃園（北）－桃園（南）',1.3),('桃園（南）－機場系統',2.5),('機場系統－中壢服務區',3.4),('中壢服務區－內壢',2.6),('內壢－中壢',6.1),
('中壢－平鎮系統',3.1),('平鎮系統－幼獅',2.7),('幼獅－楊梅',2.2),('楊梅－校前路',2.1),('校前路－湖口',15.3),('湖口－竹北',8.7),('竹北－新竹（北）',3.6),('新竹（北）－新竹（南）',3.0),
('新竹（南）－新竹系統',3.3),('新竹系統－頭份',13.2),('頭份－頭屋',18.1),('頭屋－苗栗',8.8),('苗栗－銅鑼',8.7),('銅鑼－三義',12.0),('三義－后里',12.6),
('后里－台中系統',5.6),('台中系統－豐原',3.0),('豐原－大雅',7.4),('大雅－台中',5.2),('台中－南屯',3.3),('南屯－王田',9.8),('王田－彰化系統',3.7),
('彰化系統－彰化',6.7),('彰化－埔鹽系統',10.9),('埔鹽系統－員林',4.0),('員林－北斗',10.9),('北斗－西螺',12.4),('西螺－虎尾',6.2),('虎尾－斗南',5.8),
('斗南－雲林系統',3.8),('雲林系統－大林',7.8),('大林－民雄',8.2),('民雄－嘉義',8.5),('嘉義－水上',7.4),('水上－嘉義系統',3.0),('嘉義系統－新營服務區',13.5),
('新營服務區－新營',5.0),('新營－下營系統',13.4),('下營系統－麻豆',4.9),('麻豆－安定',9.0),('安定－台南系統',5.1),('台南系統－永康',5.0),('永康－大灣',13.4),
('大灣－仁德',4.9),('仁德－仁德系統',9.0),('仁德系統－路竹',5.1),('路竹－高科',5.0),('高科－岡山',5.8),('岡山－楠梓（北）',3.4),('楠梓（北）－楠梓（南）',3.9),
('楠梓（南）－鼎金系統',6.2),('鼎金系統－高雄（北）',5.1),('高雄（北）－高雄（南）',1.4),('高雄（南）－瑞隆路',2.4),('瑞隆路－五甲系統',1.0),
('五甲系統－五甲',0.0),('五甲－高雄端（中山四路）',0.0),('高雄端（中山四路）－高雄端（新生路）',1.4);



INSERT INTO PassRecord(CarID,ICFirstEnd,Passtime)
VALUES('CTZ-9934','基隆端－基隆','12:29'),
('JTX-1396','新竹系統－頭份','13:00'), 
('DRG-7646','仁德系統－路竹','15:28'),
('YPH-8002','高雄（北）－高雄（南）','13:30'),
('NTR-0965','瑞隆路－五甲系統','17:10'),
('HTJ-2052','五堵－汐止','20:25'),
('OCT-1106','汐止系統－東湖','21:00'),
('IUQ-1322','豐原－大雅','12:00'),
('FPR-5241','大雅－台中','10:10'),
('RTX-3060','三重－五股','9:55');

